INSERT INTO TASK_TBL(TASK_ID,NAME,TASK_QUESTION,CREATE_USER_ID,ENTRY_DATE,UPDATE_TIM,termination_date)VALUES(null,"テスト課題１","問題文１",1,CURRENT_DATE,CURRENT_DATE,null);
INSERT INTO TASK_TBL(TASK_ID,NAME,TASK_QUESTION,CREATE_USER_ID,ENTRY_DATE,UPDATE_TIM,termination_date)VALUES(null,"テスト課題２","問題文２",1,CURRENT_DATE,CURRENT_DATE,null);
INSERT INTO TASK_TBL(TASK_ID,NAME,TASK_QUESTION,CREATE_USER_ID,ENTRY_DATE,UPDATE_TIM,termination_date)VALUES(null,"テスト課題３","問題文３",1,CURRENT_DATE,CURRENT_DATE,null);

INSERT INTO TASK_PUBLIC_TBL(TASK_ID,COURSE_ID,STATUS_ID,PUBLIC_DATETIME)VALUES(1,0,1,CURRENT_DATE);
INSERT INTO TASK_PUBLIC_TBL(TASK_ID,COURSE_ID,STATUS_ID,PUBLIC_DATETIME)VALUES(1,1,1,CURRENT_DATE);
INSERT INTO TASK_PUBLIC_TBL(TASK_ID,COURSE_ID,STATUS_ID,PUBLIC_DATETIME)VALUES(1,2,1,CURRENT_DATE);
INSERT INTO TASK_PUBLIC_TBL(TASK_ID,COURSE_ID,STATUS_ID,PUBLIC_DATETIME)VALUES(1,3,1,CURRENT_DATE);
INSERT INTO TASK_PUBLIC_TBL(TASK_ID,COURSE_ID,STATUS_ID,PUBLIC_DATETIME)VALUES(2,0,0,CURRENT_DATE);
INSERT INTO TASK_PUBLIC_TBL(TASK_ID,COURSE_ID,STATUS_ID,PUBLIC_DATETIME)VALUES(2,1,0,CURRENT_DATE);
INSERT INTO TASK_PUBLIC_TBL(TASK_ID,COURSE_ID,STATUS_ID,PUBLIC_DATETIME)VALUES(2,2,2,CURRENT_DATE);
INSERT INTO TASK_PUBLIC_TBL(TASK_ID,COURSE_ID,STATUS_ID,PUBLIC_DATETIME)VALUES(2,3,2,CURRENT_DATE);
INSERT INTO TASK_PUBLIC_TBL(TASK_ID,COURSE_ID,STATUS_ID,PUBLIC_DATETIME)VALUES(3,0,0,CURRENT_DATE);
INSERT INTO TASK_PUBLIC_TBL(TASK_ID,COURSE_ID,STATUS_ID,PUBLIC_DATETIME)VALUES(3,1,1,CURRENT_DATE);
INSERT INTO TASK_PUBLIC_TBL(TASK_ID,COURSE_ID,STATUS_ID,PUBLIC_DATETIME)VALUES(3,2,1,CURRENT_DATE);
INSERT INTO TASK_PUBLIC_TBL(TASK_ID,COURSE_ID,STATUS_ID,PUBLIC_DATETIME)VALUES(3,3,2,CURRENT_DATE);

INSERT INTO TESTCASE_TABLE(TASK_ID,TESTCASE_ID,ALLMOST_OF_MARKS,OUTPUT_FILE_NAME,INPUT_FILE_NAME)VALUES(1,1,100,"answer.txt",null);
INSERT INTO TESTCASE_TABLE(TASK_ID,TESTCASE_ID,ALLMOST_OF_MARKS,OUTPUT_FILE_NAME,INPUT_FILE_NAME)VALUES(2,1,100,"answer.txt",null);
INSERT INTO TESTCASE_TABLE(TASK_ID,TESTCASE_ID,ALLMOST_OF_MARKS,OUTPUT_FILE_NAME,INPUT_FILE_NAME)VALUES(3,1,100,"answer.txt",null);

INSERT INTO RESULT_TBL(RESULT_ID,USER_ID,TASK_ID,TOTAL_SCORE)VALUES(NULL,1,1,50);

